_id,count
90s,1
acne,5
addiction,9
adhd,14
affective,3
agoraphobia,5
alcohol,4
alcoholic,1
alcoholism,1
allergies,2
allergy,3
alopecia,1
alot,1
amnesiac,1
anhedonia,11
anhedonic,2
anorexia,1
anorexic,1
anxiety,65
arthritis,2
asd,1
asperger,3
asthma,3
astigmatism,1
autism,40
autistic,6
autoimmune,2
avoidant,1
avpd,2
bipolar,44
blind,3
bpd,3
burnout,1
calcium,1
cancer,4
cocaine,1
colourblind,2
cough,2
dandruff,1
day,1
deaf,1
delusions,3
dependent,1
depression,75
depressive,2
diabetes,2
diabetic,1
disorder,2
disorganized,2
distress,1
dysfunction,1
dyslexia,1
dyslexic,1
dysphagia,1
dyspraxia,4
episodes,1
erectile,1
esteem,1
everything,1
exact,1
extreme,1
fat,4
feelings,1
ferritin,1
fetish,2
fibromyalgia,2
flatline,1
freckles,2
gastritis,1
genetic,3
great,1
herpes,1
hirsutism,1
hppd,1
hunger,3
hyperactive,1
hyperthyroidism,2
hypomanic,3
hypothyroidism,4
illnesses,1
inadequacy,1
insanity,1
insomnia,3
itchy,1
ketosis,1
lactose,2
last,1
leukemia,1
lifetime,1
low,2
major,1
mania,1
manic,4
mdd,1
menopause,1
mental,1
mild,2
mole,2
moles,1
mono,4
multiple,1
narcissist,8
narcissistic,3
nos,1
nosebleeds,1
npd,5
obese,1
obesity,1
osteoarthritis,1
osteoporosis,1
other,1
overanalysis,1
overweight,1
paranoia,1
paranoid,3
pcos,1
pedophile,1
personality,2
prediabetes,1
prostatitis,2
psychiatric,3
psychopath,7
psychosis,3
psychotic,2
ptsd,2
rapist,2
rehab,1
rosacea,1
schizo,2
schizoid,5
schizophrenia,3
schizophrenic,1
schizoprehnia,1
sclerosis,1
scoliosis,1
self,1
self-harm,1
severe,4
shut-in,2
social,2
sociopath,5
spd,3
spondyloarthropathy,1
strife,1
stutter,3
suicide,3
symptoms,1
thyroid,2
tics,1
tinnitus,1
today,1
trauma,1
type,2
ulcers,1
urticaria,1
year,1
